nct_id,brief_title,overall_status,lead_sponsor_class,phase,start_date,ncfb_reason
NCT00476281,"Nutritional, Metabolic and Respiratory Status in Cystic Fibrosis",COMPLETED,OTHER,NA,2008-04,non-cystic fibrosis phrase
NCT00484263,The Long Term Effect of Inhaled Hypertonic Saline (6%) in Patients With Non Cystic Fibrosis Bronchiectasis,COMPLETED,OTHER,PHASE3,2007-12,non-cystic fibrosis bronchiectasis
NCT00671723,Dornase Alpha Versus Hypertonic Saline for Lung Atelectasis in Non-Cystic Fibrosis Patients,COMPLETED,OTHER,NA,2006-10,non-cystic fibrosis phrase
NCT00728715,Efficacy of Budesonide-Formoterol in Bronchiectasis,COMPLETED,OTHER,NA,2004-01,non-cystic fibrosis bronchiectasis
NCT00816309,"Is Regular Chest Physiotherapy an Effective Treatment in Severe, Non Cystic Fibrosis Bronchiectasis?",COMPLETED,OTHER_GOV,PHASE4,2007-10,non-cystic fibrosis bronchiectasis
NCT00868075,Pulmonary Rehabilitation in Non Cystic Fibrosis Bronchiectasis,COMPLETED,OTHER_GOV,PHASE4,2009-03,non-cystic fibrosis bronchiectasis
NCT00885521,Exercise Training in Patients With Non-cystic Fibrosis (CF) Bronchiectasis,COMPLETED,OTHER_GOV,PHASE1,2009-02,non-cf bronchiectasis
NCT00889967,"Safety and Efficacy Study of Ciprofloxacin for Inhalation in Patients With Non-Cystic Fibrosis Bronchiectasis ""ORBIT-1""",COMPLETED,INDUSTRY,PHASE2,2010-02,non-cystic fibrosis bronchiectasis
NCT00930982,Evaluation of Cipro Inhale in Patients With Non-cystic Fibrosis Bronchiectasis,COMPLETED,INDUSTRY,PHASE2,2009-06,non-cystic fibrosis bronchiectasis
NCT01299181,A Trial of Atorvastatin as an Anti-Inflammatory Agent in Non-Cystic Fibrosis Bronchiectasis,COMPLETED,OTHER,PHASE4,2010-11,non-cystic fibrosis bronchiectasis
NCT01299194,Atorvastatin in Bronchiectasis in Patients With Pseudomonas Aeruginosa,COMPLETED,OTHER,PHASE4,2010-11,non-cystic fibrosis bronchiectasis
NCT01313624,Safety and Effectiveness of AZLI (an Inhaled Antibiotic) in Adults With Non-Cystic Fibrosis Bronchiectasis,COMPLETED,INDUSTRY,PHASE3,2011-04,non-cystic fibrosis bronchiectasis
NCT01314716,Safety and Effectiveness of AZLI (an Inhaled Antibiotic) in Adults With Non-Cystic Fibrosis Bronchiectasis,COMPLETED,INDUSTRY,PHASE3,2011-04,non-cystic fibrosis bronchiectasis
NCT01463371,Effects of Azithromycin on Airway Oxidative Stress Markers in Patients With Bronchiectasis,COMPLETED,OTHER,NA,2006-10,non-cystic fibrosis bronchiectasis
NCT01515007,Phase 3 Study With Ciprofloxacin Dispersion for Inhalation in Non-CF Bronchiectasis (ORBIT-3),COMPLETED,INDUSTRY,PHASE3,2014-03-31,non-cystic fibrosis bronchiectasis
NCT01684683,The Effect of Theophylline in the Treatment of Bronchiectasis,COMPLETED,OTHER,PHASE4,2012-11,non-cystic fibrosis bronchiectasis
NCT01764841,Ciprofloxacin Dry Powder for Inhalation in Non-cystic Fibrosis Bronchiectasis (Non-CF BE),COMPLETED,INDUSTRY,PHASE3,2013-05-02,non-cystic fibrosis bronchiectasis
NCT01818544,Safety and Efficacy of Oral BAY85-8501 in Patients With Non-CF (Cystic Fibrosis) Bronchiectasis,COMPLETED,INDUSTRY,PHASE2,2013-04,non-cystic fibrosis bronchiectasis
NCT01851694,Beta-cell Response to Incretin Hormones in Cystic Fibrosis,RECRUITING,OTHER,NA,2013-05,non-cystic fibrosis phrase
NCT01854788,3 Airway Clearance Techniques in Non Cystic Fibrosis Bronchiectasis,COMPLETED,OTHER,NA,2010-09,non-cystic fibrosis bronchiectasis
NCT02035488,Pharmacokinetic Evaluation and Tolerability of Dry Powder Tobramycin by a Novel Device in Patients With Non Cystic Fibrosis Bronchiectasis,COMPLETED,OTHER,PHASE1;PHASE2,2013-10,non-cystic fibrosis bronchiectasis
NCT02081963,Combined Administration of Nebulized Amikacin in Patients With Acute Exacerbation of Non-Cystic Fibrosis Bronchiectasis,COMPLETED,OTHER,PHASE4,2014-03,non-cystic fibrosis bronchiectasis
NCT02088216,"Effect of Long-term, High-dose N-acetylcysteine on Exacerbations of Bronchiectaisis",COMPLETED,OTHER,NA,2014-04-01,non-cystic fibrosis bronchiectasis
NCT02096315,"Safety, Efficacy and PK/PD of POL7080 in Patients With Exacerbation of Non-cystic Fibrosis Bronchiectasis.",TERMINATED,INDUSTRY,PHASE2,2013-12,non-cystic fibrosis bronchiectasis
NCT02104245,Phase 3 Study With Ciprofloxacin Dispersion for Inhalation in Non-CF Bronchiectasis (ORBIT-4),COMPLETED,INDUSTRY,PHASE3,2014-05-28,non-cystic fibrosis bronchiectasis
NCT02106832,Ciprofloxacin Dry Powder for Inhalation (DPI) in Non-cystic Fibrosis Bronchiectasis (Non-CF BE),COMPLETED,INDUSTRY,PHASE3,2014-04-30,non-cystic fibrosis bronchiectasis
NCT02324855,Long-term Airway Clearance Therapy in Non-cystic Fibrosis Bronchiectasis,COMPLETED,OTHER,NA,2015-10,non-cystic fibrosis bronchiectasis
NCT02392663,Sputum Clearance Effects of Hypertonic Saline in Non-cystic Fibrosis Bronchiectasis,COMPLETED,OTHER,NA,2015-03,non-cystic fibrosis bronchiectasis
NCT02411981,Effects of Chest Physiotherapy (CPT) on Lung Clearance Index (LCI) in Non Cystic Fibrosis (CF) Bronchiectasis,COMPLETED,OTHER,NA,2015-04,non-cf bronchiectasis
NCT02507843,Vitamin D as an Adjunctive Treatment in Patients With Non-Cystic Fibrosis Bronchiectasis,UNKNOWN,OTHER,PHASE4,2015-01,non-cystic fibrosis bronchiectasis
NCT02531984,The Efficacy of Azithromycin in Treating Children With Non Cystic Fibrosis Bronchiectasis,UNKNOWN,OTHER,PHASE3,2015-08,non-cystic fibrosis bronchiectasis
NCT02563197,Inhalation Flow Rate-study,COMPLETED,INDUSTRY,PHASE1,2015-11-23,non-cf bronchiectasis
NCT02598999,Dose Escalation Study of ALX-009 in Healthy Men and Cystic Fibrosis (CF) and Non-CF Bronchiectasis Patients,TERMINATED,INDUSTRY,PHASE1,2015-11,non-cf bronchiectasis
NCT02614300,The Role of Pulmonary Rehabilitation and Airways Clearance Techniques in the Multidisciplinary Management of Non CF Bronchiectasis,UNKNOWN,OTHER,NA,2015-11,non-cystic fibrosis bronchiectasis
NCT02625246,Safety and Potential Efficacy of Human Mesenchymal Stem Cells in Non-Cystic Fibrosis Bronchiectasis,COMPLETED,OTHER,PHASE1,2016-02-04,non-cystic fibrosis bronchiectasis
NCT02657473,Inhaled Nebulized Tobramycin in Non-cystic Fibrosis Bronchiectasis,COMPLETED,OTHER,PHASE2;PHASE3,2016-08-13,non-cystic fibrosis bronchiectasis
NCT02661438,Summative Usability Study of Ciprofloxacin Dry Powder for Inhalation Using Placebo,COMPLETED,INDUSTRY,NA,2016-01-12,non-cystic fibrosis bronchiectasis
NCT02712983,"Dose-finding Study to Assess the Efficacy, Safety and Tolerability of Tobramycin Inhalation Powder in Patients With Non-Cystic Fibrosis Bronchiectasis and Pulmonary P. Aeruginosa Infection",COMPLETED,INDUSTRY,PHASE2,2017-02-08,non-cystic fibrosis bronchiectasis
NCT02782312,Salmeterol-Fluticasone Combined Inhaled Therapy for Non-cystic Fibrosis Bronchiectasis,COMPLETED,OTHER,PHASE4,2011-06,non-cystic fibrosis bronchiectasis
NCT02823587,Pulmonary Rehabilitation in Non-Cystic Fibrosis Bronchiectasis,UNKNOWN,OTHER,NA,2016-07,non-cystic fibrosis bronchiectasis
NCT02883101,The Effects of Pulmonary Rehabilitation in Patients With Non-cystic Fibrosis Bronchiectasis,COMPLETED,OTHER,NA,2015-06,non-cystic fibrosis bronchiectasis
NCT03056326,"A Study to Investigate Safety, Tolerability and Pharmacokinetics of Single and Repeat Doses of CHF6333 in Healthy Subjects",COMPLETED,INDUSTRY,PHASE1,2016-11,non-cystic fibrosis bronchiectasis
NCT03093974,Efficacy and Safety of Inhaled CMS in Bronchiectasis Subjects With Chronic P. Aeruginosa Infection. (PROMIS-I),COMPLETED,INDUSTRY,PHASE3,2017-06-06,non-cystic fibrosis bronchiectasis
NCT03218917,Assessment of INS1007 in Participants With Non-Cystic Fibrosis Bronchiectasis,COMPLETED,INDUSTRY,PHASE2,2017-10-31,non-cystic fibrosis bronchiectasis
NCT03262142,Targeted AntiBiotics for Chronic Pulmonary Diseases,TERMINATED,OTHER,PHASE4,2018-01-10,non-cystic fibrosis bronchiectasis
NCT03428334,Roflumilast in Non-CF Bronchiectasis Study,COMPLETED,OTHER,PHASE2,2018-05-10,non-cystic fibrosis bronchiectasis
NCT03460704,Trial in Non-cystic Fibrosis Bronchiectasis Patients With Chronic Lung Infections Treated With Colistimethate Sodium.,TERMINATED,INDUSTRY,PHASE3,2018-01-29,non-cystic fibrosis bronchiectasis
NCT03903913,"Safety, Tolerability and Efficacy of S-1226 in Cystic Fibrosis and Non CF Bronchiectasis",UNKNOWN,INDUSTRY,PHASE2,2019-08-08,non-cf bronchiectasis
NCT03988816,"Effect of Roflumilast on Quality of Life, Lung Function and Mucus Properties in Patients With Bronchiectasis",UNKNOWN,OTHER,PHASE2,2019-12-06,non-cystic fibrosis bronchiectasis
NCT04010799,"A Clinical Study to Investigate Safety, Tolerability and Distribution of CHF 6333 After One or After Repeated Inhalation in Patients With Cystic Fibrosis (CF) and in Patients With Non Cystic Fibrosis (NCFB) Bronchiectasis",COMPLETED,INDUSTRY,PHASE1,2019-05-27,non-cystic fibrosis bronchiectasis
NCT04017312,A Pilot Study to Evaluate the Use of the Vest® System for Treatment of Bronchiectasis Patients in the Home Setting,TERMINATED,INDUSTRY,NA,2019-08-23,non-cystic fibrosis bronchiectasis
NCT04090294,Assessment of Early Outcomes of Roflumilast in Patients With Non Cystic Fibrosis Bronchiectasis,UNKNOWN,OTHER,EARLY_PHASE1,2019-10-01,non-cystic fibrosis bronchiectasis
NCT04122547,Efficacy of Roflumilast on Exacerbations in Patients With Non-cystic Fibrosis Bronchiectasis,COMPLETED,OTHER,PHASE3,2015-01,non-cystic fibrosis bronchiectasis
NCT04170114,Comparison of the Efficacy of Comprehensive Respiratory Physiotherapy in Children With Cystic Fibrosis and Non-Cystic Fibrosis Bronchiectasis,COMPLETED,OTHER,NA,2020-01-01,non-cystic fibrosis bronchiectasis
NCT04278040,Inhalations of Ultra-low Doses of Melphalan for the Treatment of Non-cystic Fibrosis Bronchiectasis,UNKNOWN,OTHER_GOV,PHASE2,2018-06-20,non-cystic fibrosis bronchiectasis
NCT04322929,Roflumilast in Non-CF Bronchiectasis Study (2019),COMPLETED,OTHER,PHASE2,2020-11-12,non-cystic fibrosis bronchiectasis
NCT04411901,The Role of Vitamin D3 in Pediatric Bronchiectasis Severity,COMPLETED,OTHER,PHASE2;PHASE3,2018-03-01,non-cf bronchiectasis
NCT04509661,Efficacy and Safety of Inhaled Bronchodilator in Non-CF Bronchiectasis With Airflow Limitation,UNKNOWN,OTHER,PHASE4,2020-09-01,non-cystic fibrosis bronchiectasis
NCT04594369,"A Study to Assess the Efficacy, Safety, and Tolerability of Brensocatib in Participants With Non-Cystic Fibrosis Bronchiectasis",COMPLETED,INDUSTRY,PHASE3,2020-12-01,non-cystic fibrosis bronchiectasis
NCT04643587,Study to Assess CSL787 in Non-cystic Fibrosis Bronchiectasis (NCFB),COMPLETED,INDUSTRY,PHASE1,2020-12-07,non-cystic fibrosis bronchiectasis
NCT04656275,A Study in Patients With Non-cystic Fibrosis Bronchiectasis to Test How Well Different Doses of BI 1323495 Are Tolerated and How BI 1323495 Affects Biomarkers of Inflammation,TERMINATED,INDUSTRY,PHASE1,2021-03-04,non-cystic fibrosis bronchiectasis
NCT04658277,Effect of Long Term Clarithromycin for Prevention of Exacerbations in Non-cystic Fibrosis Bronchiectasis in Asian Populations,UNKNOWN,OTHER,NA,2020-10-01,non-cystic fibrosis bronchiectasis
NCT04685720,A Pilot Study to Assess the Effect of Intermittent iNO on the Treatment of NTM Lung Infection in CF and Non-CF Patients,COMPLETED,INDUSTRY,NA,2020-12-07,non-cystic fibrosis phrase
NCT04742270,Home Airway Clearance in Patients With Bronchiectasis (Home-Care Bronchiectasis),COMPLETED,INDUSTRY,NA,2021-03-04,non-cystic fibrosis bronchiectasis
NCT04884308,Bacille Calmette-Guerin (BCG) Vaccine for Immune Protection Against Infections,COMPLETED,OTHER,PHASE2,2021-04-28,non-cystic fibrosis bronchiectasis
NCT05006573,Efficacy and Safety of Benralizumab in Patients With Non-cystic Fibrosis Bronchiectasis,TERMINATED,INDUSTRY,PHASE3,2021-07-21,non-cystic fibrosis bronchiectasis
NCT05369624,Exercise Capacity in Non-cystic Fibrosis Bronchiectasis After a Pulmonary Rehabilitation Home-based Program,COMPLETED,OTHER,NA,2018-05-08,non-cystic fibrosis bronchiectasis
NCT05495243,"Phase 2a, 28-day Investigational Use Study of ARINA-1 in Non-Cystic Fibrosis Bronchiectasis (NCFBE) With Excess Mucus and Cough",COMPLETED,INDUSTRY,PHASE2,2022-10-03,non-cystic fibrosis bronchiectasis
NCT05523180,A Study to Evaluate the Effect of Probiotic Supplement on Quality of Life,COMPLETED,INDUSTRY,NA,2022-09-01,non-cystic fibrosis bronchiectasis
NCT05601778,A Study of HSK31858 in Participants with Non-Cystic Fibrosis Bronchiectasis,COMPLETED,INDUSTRY,PHASE2,2022-12-06,non-cystic fibrosis bronchiectasis
NCT05616221,"Study to Evaluate the Safety, Phage Kinetics, and Efficacy of Inhaled AP-PA02 in Subjects With Non-Cystic Fibrosis Bronchiectasis and Chronic Pulmonary Pseudomonas Aeruginosa Infection",COMPLETED,INDUSTRY,PHASE2,2023-01-10,non-cystic fibrosis bronchiectasis
NCT05743946,Trikafta for Patients With Non-cystic Fibrosis Bronchiectasis,COMPLETED,OTHER,PHASE4,2023-04-18,non-cystic fibrosis bronchiectasis
NCT05860803,Breathing Training and Exercise Capacity in Non-CFB,RECRUITING,OTHER,NA,2024-01-15,non-cystic fibrosis bronchiectasis
NCT06160713,Compare Oral Itraconazole and Standard Care Versus Standard Care Alone in Patients With Non-cystic Fibrosis Related Bronchiectasis With Chronic Aspergillus Infection in Reducing Bronchiectasis Exacerbations,UNKNOWN,OTHER,PHASE3,2023-12-01,non-cystic fibrosis phrase
NCT06164470,Impact of Support Groups for Patients With Non-Cystic Fibrosis Bronchiectasis,COMPLETED,OTHER,NA,2024-04-01,non-cystic fibrosis bronchiectasis
NCT06237348,Simeox Therapy at Home Versus Standard of Care in NCFB Patients With CMH,COMPLETED,INDUSTRY,NA,2023-12-01,non-cystic fibrosis bronchiectasis
NCT06242795,Hypertonic Saline in NCFB,RECRUITING,OTHER,PHASE4,2024-10-23,non-cystic fibrosis bronchiectasis
NCT06280391,"A Proof-of-Concept Study to Assess the Efficacy, Safety and Tolerability of Itepekimab (Anti-IL-33 mAb) in Participants With Non-cystic Fibrosis Bronchiectasis",COMPLETED,INDUSTRY,PHASE2,2024-02-20,non-cystic fibrosis bronchiectasis
NCT06487273,Long-term Evaluation of the SIMEOX Device at Home in Non-cystic Fibrosis Bronchiectasis,RECRUITING,INDUSTRY,NA,2025-02-03,non-cystic fibrosis bronchiectasis
NCT06559150,A Phase II Study of Ensifentrine in Non-Cystic Fibrosis Bronchiectasis,RECRUITING,INDUSTRY,PHASE2,2024-09-11,non-cystic fibrosis bronchiectasis
NCT06603246,A Study to Test the Safety and Effects of Inhaled GDC-6988 in Participants With Muco-obstructive Disease,RECRUITING,INDUSTRY,PHASE1,2024-11-18,non-cystic fibrosis bronchiectasis
NCT06660992,A Study to Assess the Efficacy and Safety of HSK31858 in Participants With Non-Cystic Fibrosis Bronchiectasis,RECRUITING,INDUSTRY,PHASE3,2024-09-30,non-cystic fibrosis bronchiectasis
NCT06663176,Nebulised RESP30X Nitric Oxide Formulations in NCFB Patients With Pseudomonas Aeruginosa (Pa),ACTIVE_NOT_RECRUITING,INDUSTRY,PHASE1;PHASE2,2024-10-16,non-cystic fibrosis bronchiectasis
NCT06775340,Study of RSS0343 Tablets in Patients With Non-cystic Fibrosis Bronchiectasis,RECRUITING,INDUSTRY,PHASE2,2025-01-22,non-cystic fibrosis bronchiectasis
NCT06981091,"A Multicenter, Randomized, Double-blind, Placebo-controlled Parallel-group Phase 2 Clinical Trial to Evaluate the Efficacy and Safety of XH-S004 Tablets in Patients With Non-cystic Fibrosis Bronchiectasis",NOT_YET_RECRUITING,INDUSTRY,PHASE2,2025-05-16,non-cystic fibrosis bronchiectasis
NCT07048262,"Dose Range Finding, Efficacy, and Safety Study of Nebulized CSL787 in Adults With Non-cystic Fibrosis Bronchiectasis (NCFB)",RECRUITING,INDUSTRY,PHASE2,2025-09-03,non-cystic fibrosis bronchiectasis
NCT07274020,Long-Term Safety and Efficacy of Moxifloxacin in Bronchiectasis Patients,NOT_YET_RECRUITING,OTHER,PHASE3,2025-12-01,non-cystic fibrosis bronchiectasis
NCT07289464,A Clinical Study of RSS0343 in Healthy Subjects,COMPLETED,INDUSTRY,PHASE1,2026-01-08,non-cystic fibrosis bronchiectasis
NCT07376187,Digital Physiotherapy for Pediatric Chronic Suppurative Lung Diseases,NOT_YET_RECRUITING,OTHER,NA,2026-05-01,non-cystic fibrosis bronchiectasis
NCT07540936,Effects of an Online Yoga Program on Exercise Capacity and Quality of Life in Bronchiectasis Patients,COMPLETED,OTHER,NA,2025-01-15,non-cystic fibrosis bronchiectasis
NCT07547436,A Study to Access Activity and Safety With SAR445399 Compared With Placebo in Participants Aged 18 to 80 Years of Age With Non-Cystic Fibrosis Bronchiectasis,SUSPENDED,INDUSTRY,PHASE2,2026-06-08,non-cystic fibrosis bronchiectasis
NCT07608328,Azithromycin to Modify Bronchiectasis Exacerbation Risk,NOT_YET_RECRUITING,OTHER,PHASE4,2026-05-21,non-cystic fibrosis bronchiectasis
NCT07616375,A Study to Assess the Safety of HSK31858 in Participants With Non-Cystic Fibrosis Bronchiectasis,RECRUITING,INDUSTRY,PHASE3,2025-09-28,non-cystic fibrosis bronchiectasis
NCT07696091,Study on Drug Interactions Affecting the Pharmacokinetics of RSS0343 Tablet,NOT_YET_RECRUITING,INDUSTRY,PHASE1,2026-07,non-cystic fibrosis bronchiectasis
NCT07709494,"A Phase 1a/1b Study to Investigate the Safety, Tolerability, Microbiological Response, and Pharmacokinetics of Inhaled Rev-56 in Adult Healthy Volunteers and Adult Non-cystic Fibrosis Bronchiectasis (NCFB) Patients With Chronic P. Aeruginosa",RECRUITING,INDUSTRY,PHASE1,2026-07-13,non-cystic fibrosis bronchiectasis
NCT07720375,A Study of 24 to 52 Weeks Treatment to Evaluate The Efficacy And Safety of Galvokimig in Adult Study Participants With Non-Cystic Fibrosis Bronchiectasis,RECRUITING,INDUSTRY,PHASE2,2026-08-05,non-cystic fibrosis bronchiectasis
NCT07722364,HFCWO in Children With Non-CF Bronchiectasis,NOT_YET_RECRUITING,OTHER,NA,2026-07-01,non-cystic fibrosis bronchiectasis
NCT07805174,High-Intensity Interval Exercise in Bronchiectasis Patients,RECRUITING,OTHER,NA,2026-03-27,non-cystic fibrosis phrase
