program_id,asset_name,company_name,therapeutic_strategy,mechanism,modality,development_stage,genotype_scope,population_description,cff_listed_status,review_status,source_id,notes
cff-alyftrek,Alyftrek (vanzacaftor/tezacaftor/deutivacaftor),Vertex Pharmaceuticals,cftr_modulator,corrector plus potentiator,small_molecule,approved,responsive variant or CFTR protein production,People with CF ages 6+ per US label,to_patients,curated_listed_approved,cff_pipeline_web,Also in therapies table. CFF listed as available to patients.
cff-trikafta,Trikafta (elexacaftor/tezacaftor/ivacaftor),Vertex Pharmaceuticals,cftr_modulator,corrector plus potentiator,small_molecule,approved,responsive variant or CFTR protein production,People with CF ages 2+ per US label,to_patients,curated_listed_approved,cff_pipeline_web,Also in therapies table.
cff-symdeko,Symdeko (tezacaftor/ivacaftor),Vertex Pharmaceuticals,cftr_modulator,corrector plus potentiator,small_molecule,approved,F508del homozygous or responsive mutations,See label,to_patients,curated_listed_approved,cff_pipeline_web,
cff-orkambi,Orkambi (lumacaftor/ivacaftor),Vertex Pharmaceuticals,cftr_modulator,corrector plus potentiator,small_molecule,approved,F508del homozygous,See label,to_patients,curated_listed_approved,cff_pipeline_web,
cff-kalydeco,Kalydeco (ivacaftor),Vertex Pharmaceuticals,cftr_modulator,potentiator,small_molecule,approved,ivacaftor-responsive mutations,See label,to_patients,curated_listed_approved,cff_pipeline_web,
cff-4d-710,4D-710,4D Molecular Therapeutics,gene_therapy,AAV CFTR gene delivery to lung,gene_therapy,phase_2,mutation-agnostic intent,People with CF including those not served by modulators,listed,unreviewed,cff_pipeline_web,CFF page listed Phase Two at retrieval. Confirm active status in Phase 4.
cff-arct-032,ARCT-032 (LUNAR-CF),Arcturus Therapeutics,mrna,inhaled CFTR mRNA,mrna,phase_2,mutation-agnostic including nonsense,People with CF including nonsense and rare mutations,listed,unreviewed,cff_pipeline_web,CFF page listed Phase Two at retrieval.
cff-rct2100,RCT2100,ReCode Therapeutics,mrna,inhaled CFTR mRNA via LNP,mrna,phase_2,mutation-agnostic including nonsense,People with CF including nonsense and rare mutations,listed,unreviewed,cff_pipeline_web,CFF page listed Phase Two at retrieval.
cff-spl84,SPL84,SpliSense,aso_oligonucleotide,splicing oligonucleotide,oligonucleotide,phase_2,splicing mutations,People with CFTR splicing mutations,listed,unreviewed,cff_pipeline_web,CFF page listed Phase Two at retrieval.
cff-vx-522,VX-522 mRNA,Vertex Pharmaceuticals,mrna,inhaled CFTR mRNA via LNP,mrna,phase_2,mutation-agnostic including nonsense,People with CF including those not responding to modulators,listed,unreviewed,cff_pipeline_web,CFF description used past tense (studied). Status must be reviewed before treating as active.
cff-eluforsen,Eluforsen (QR-010),ProQR,aso_oligonucleotide,RNA repair oligonucleotide,oligonucleotide,phase_1,F508del,People with one or two F508del alleles,listed,unreviewed,cff_pipeline_web,May be discontinued. Do not treat as active without review.
cff-kb407,KB407,Krystal Biotech,gene_therapy,inhaled viral-vector CFTR gene delivery,gene_therapy,phase_1,mutation-agnostic intent,People with CF regardless of mutation,listed,unreviewed,cff_pipeline_web,CFF page listed Phase One at retrieval.
cff-mrt5005,MRT5005,Translate Bio / Sanofi,mrna,inhaled CFTR mRNA,mrna,phase_1,mutation-agnostic,People with CF regardless of mutation,listed,unreviewed,cff_pipeline_web,Likely discontinued historically. Requires review.
cff-sp-101,SP-101,Spirovant Sciences,gene_therapy,inhaled AAV CFTR gene delivery,gene_therapy,phase_1,mutation-agnostic intent,People with CF regardless of mutation,listed,unreviewed,cff_pipeline_web,CFF page listed Phase One at retrieval.
cff-gensaic,Gensaic,Gensaic,gene_therapy,phage-derived gene delivery vehicle,gene_therapy,preclinical,mutation-agnostic intent,Lung-directed CFTR gene delivery research,listed,unreviewed,cff_pipeline_web,Preclinical. Not in ClinicalTrials.gov by definition.
cff-nanite,Nanite,Nanite,mrna,polymer nanoparticle delivery,nanoparticle,preclinical,mutation-agnostic intent,Delivery vehicle research for mRNA then possibly editing,listed,unreviewed,cff_pipeline_web,Preclinical.
cff-prime-medicine,Prime Medicine,Prime Medicine,gene_editing,prime editing including G542X hotspot and PASSIGE insertion,gene_editing,preclinical,mutation-specific and mutation-agnostic tracks,Nonsense and potentially broad CFTR correction,listed,unreviewed,cff_pipeline_web,CFF 2025 annual report also mentions funding. Preclinical.
cff-vianautis,ViaNautis Bio,ViaNautis Bio,genetic_therapy,polyNaut non-viral delivery,nanoparticle,preclinical,mutation-agnostic intent,Lung delivery of large genetic payloads,listed,unreviewed,cff_pipeline_web,Preclinical.
cff-carbon-biosciences,Carbon Biosciences,Carbon Biosciences,gene_therapy,lung-directed CFTR gene delivery,gene_therapy,preclinical,mutation-agnostic intent,,listed,unreviewed,cff_pipeline_web,CFF description used past tense. Requires review.
cff-carmine,Carmine Therapeutics,Carmine Therapeutics,gene_therapy,extracellular vesicle gene delivery,gene_therapy,preclinical,mutation-agnostic intent,,listed,unreviewed,cff_pipeline_web,CFF description used past tense. Requires review.
cff-pioneering-medicines,Pioneering Medicines,Pioneering Medicines,gene_editing,collaboration on genetic medicines,genetic_therapy,preclinical,broad mutation coverage intent,,listed,unreviewed,cff_pipeline_web,CFF description used past tense. Requires review.
cff-recode-intellia,ReCode Therapeutics / Intellia Therapeutics,ReCode Therapeutics / Intellia Therapeutics,gene_editing,LNP lung-stem-cell delivery plus gene editing for a nonsense mutation,gene_editing,preclinical,specific nonsense mutation,Lung stem cell targeted editing research,listed,unreviewed,cff_pipeline_web,CFF description used past tense. Requires review.
cff-saliogen,SalioGen Therapeutics,SalioGen Therapeutics,gene_editing,Gene Coding insertion of healthy CFTR DNA,gene_editing,preclinical,mutation-agnostic intent,,listed,unreviewed,cff_pipeline_web,CFF description used past tense. Requires review.
cff-ataluren,Ataluren,PTC Therapeutics,nonsense_readthrough,readthrough of premature stop codons,small_molecule,phase_3,nonsense mutations,People with nonsense CFTR mutations,listed,unreviewed,cff_pipeline_web,Historically failed CF development. Must be marked discontinued after review; listed Phase Three on the CFF page snapshot.
cff-elx-02,ELX-02,Eloxx Pharmaceuticals,nonsense_readthrough,readthrough of premature stop,small_molecule,phase_2,nonsense mutations,People with nonsense CFTR mutations,listed,unreviewed,cff_pipeline_web,CFF page listed Phase Two. Confirm whether still active.
cff-sion-719,SION-719,Sionna Therapeutics,cftr_modulator,NBD1 stabilizer corrector,small_molecule,phase_2,CFTR protein-producing genotypes,Next-generation modulator approach,listed,unreviewed,cff_pipeline_web,CFF page listed Phase Two at retrieval.
cff-sion-109,SION-109,Sionna Therapeutics,cftr_modulator,ICL4 corrector,small_molecule,phase_1,CFTR protein-producing genotypes,,listed,unreviewed,cff_pipeline_web,CFF page listed Phase One at retrieval.
cff-sion-2222,SION-2222,Sionna Therapeutics,cftr_modulator,corrector formerly ABBV-2222/GLPG2222,small_molecule,phase_1,CFTR protein-producing genotypes,,listed,unreviewed,cff_pipeline_web,Former AbbVie/Galapagos asset. Confirm current sponsor and status.
cff-sion-451,SION-451,Sionna Therapeutics,cftr_modulator,NBD1 stabilizer corrector,small_molecule,phase_1,CFTR protein-producing genotypes,,listed,unreviewed,cff_pipeline_web,
cff-sion-638,SION-638,Sionna Therapeutics,cftr_modulator,NBD1 stabilizer corrector,small_molecule,phase_1,CFTR protein-producing genotypes,,listed,unreviewed,cff_pipeline_web,
cff-vx-828,VX-828,Vertex Pharmaceuticals,cftr_modulator,corrector studied with tezacaftor and deutivacaftor,small_molecule,phase_1,CFTR protein-producing genotypes,,listed,unreviewed,cff_pipeline_web,CFF page listed Phase One at retrieval.
cff-southern-research,Southern Research nonsense program,Southern Research,nonsense_readthrough,discovery of nonsense-mutation therapies,small_molecule,preclinical,nonsense mutations,,listed,unreviewed,cff_pipeline_web,Preclinical discovery program.
cff-pulmozyme,Pulmozyme (dornase alfa),Genentech / Roche,mucociliary_clearance,DNase,biologic_inhaled,approved,mutation-agnostic,People with CF using mucolytics,to_patients,curated_listed_approved,cff_pipeline_web,Also in therapies table.
cff-hypertonic-saline,Hypertonic saline,multiple,mucociliary_clearance,osmotic hydrator,device_plus_drug,standard_of_care,mutation-agnostic,,to_patients,curated_listed_approved,cff_pipeline_web,Also in therapies table.
cff-bronchitol,Bronchitol (inhaled mannitol),Pharmaxis / Chiesi,mucociliary_clearance,osmotic hydrator,small_molecule_inhaled,approved,mutation-agnostic,,to_patients,curated_listed_approved,cff_pipeline_web,
cff-verducatib,Verducatib (BI-1291583),Boehringer Ingelheim,anti_inflammatory,anti-inflammatory,small_molecule,phase_3,mutation-agnostic,Residual lung inflammation,listed,unreviewed,cff_pipeline_web,CFF page listed Phase Three at retrieval. Confirm identity versus brensocatib-class DPP1 inhibitors.
cff-brensocatib,Brensocatib,Insmed,anti_inflammatory,DPP1 inhibitor,small_molecule,phase_2,mutation-agnostic,Airway inflammation including bronchiectasis-related programs,listed,unreviewed,cff_pipeline_web,May be primarily non-CF bronchiectasis. Population mapping required in Phase 4.
cff-acebilustat,Acebilustat (CTX-4430),,anti_inflammatory,LTA4H inhibitor,small_molecule,phase_2,mutation-agnostic,,listed,unreviewed,cff_pipeline_web,May be discontinued. Review required.
cff-lau-7b,LAU-7b,,anti_inflammatory,fenretinide analog,small_molecule,phase_2,mutation-agnostic,,listed,unreviewed,cff_pipeline_web,
cff-high-dose-ibuprofen,High-dose ibuprofen,generic,anti_inflammatory,NSAID,small_molecule,standard_of_care,mutation-agnostic,Selected patients,to_patients,unreviewed,cff_pipeline_web,Not a CF-specific NDA.
cff-tobramycin,Inhaled tobramycin,multiple,antimicrobial,aminoglycoside,small_molecule_inhaled,approved,mutation-agnostic,PA-positive,to_patients,curated_listed_approved,cff_pipeline_web,Also in therapies table.
cff-tobi-podhaler,TOBI Podhaler,Novartis / later holders,antimicrobial,tobramycin powder,small_molecule_inhaled,approved,mutation-agnostic,PA-positive,to_patients,curated_listed_approved,cff_pipeline_web,
cff-cayston,Cayston (aztreonam),Gilead,antimicrobial,monobactam,small_molecule_inhaled,approved,mutation-agnostic,PA-positive,to_patients,curated_listed_approved,cff_pipeline_web,
cff-azithromycin,Azithromycin,generic,antimicrobial,macrolide immunomodulatory,small_molecule,standard_of_care,mutation-agnostic,PA-positive selected,to_patients,unreviewed,cff_pipeline_web,Registry utilization is high among eligible PA-positive patients.
cff-arikayce,Arikayce,Insmed,antimicrobial,liposomal amikacin,liposomal_inhaled,approved,not CF-specific,MAC NTM with limited options,to_patients,unreviewed,cff_pipeline_web,FDA indication is MAC not CF.
cff-opelconazole,Opelconazole,,antifungal,inhaled azole,small_molecule_inhaled,phase_3,mutation-agnostic,Fungal lung disease including possible CF use,listed,unreviewed,cff_pipeline_web,CFF page listed Phase Three. Map actual CF versus aspergillosis programs in Phase 4.
cff-ap-pa02,AP-PA02,Armata Pharmaceuticals,phage,P. aeruginosa bacteriophage,phage,phase_2,mutation-agnostic,Chronic P. aeruginosa,listed,unreviewed,cff_pipeline_web,CFF page listed Phase Two.
cff-bx004,BX004-A,BiomX,phage,P. aeruginosa bacteriophage,phage,phase_2,mutation-agnostic,Chronic P. aeruginosa,listed,unreviewed,cff_pipeline_web,CFF page listed Phase Two.
cff-cmtx-101,CMTX-101,,antimicrobial,anti-biofilm / antibody-related approach as described by CFF listing,biologic,phase_2,mutation-agnostic,Chronic infection,listed,unreviewed,cff_pipeline_web,Confirm mechanism and sponsor in Phase 4.
cff-ar-501,AR-501 (Panaecin),Aridis,antimicrobial,inhaled gallium / anti-infective as listed,small_molecule_inhaled,phase_2,mutation-agnostic,,listed,unreviewed,cff_pipeline_web,
cff-iv-gallium,Intravenous gallium,,antimicrobial,gallium,small_molecule,phase_2,mutation-agnostic,,listed,unreviewed,cff_pipeline_web,
cff-pancrelipase,Pancrelipase enzyme products,multiple,gi_nutrition,PERT,oral_enzyme,approved,mutation-agnostic,Pancreatic insufficiency,to_patients,curated_listed_approved,cff_pipeline_web,Also in therapies table.
cff-relizorb,RELiZORB,Alcresta,gi_nutrition,in-line lipase cartridge for tube feeding,device,approved,mutation-agnostic,People using enteral feeds,to_patients,curated_listed_approved,cff_pipeline_web,Device rather than a systemic drug.
cff-aquadeks,AquADEKs,,gi_nutrition,fat-soluble vitamin supplement,supplement,standard_of_care,mutation-agnostic,,to_patients,unreviewed,cff_pipeline_web,
cff-bionic-pancreas,Bionic Pancreas,,metabolic_cfrd,automated insulin delivery,device,phase_3,mutation-agnostic,CFRD / insulin-requiring diabetes in CF,listed,unreviewed,cff_pipeline_web,CFF page listed Phase Three. Map to actual NCT IDs in Phase 4.
cff-adrulipase,Adrulipase (MS1819-SD),,gi_nutrition,non-porcine lipase,enzyme,phase_2,mutation-agnostic,Pancreatic insufficiency,listed,unreviewed,cff_pipeline_web,May be discontinued. Review required.
cff-ang003,ANG003,,gi_nutrition,GI / nutritional candidate as listed,unknown,phase_2,mutation-agnostic,,listed,unreviewed,cff_pipeline_web,Mechanism needs review.
